species,Wing.Length,Secondary1,Kipps.Distance,Tail.Length,Hand-Wing.Index,aspect_ratio,wing_loading_proxy,pointedness_index,efficiency_index,score_soaring,score_diving,score_maneuvering,score_cruising,score_hovering,category_score,flight_category
Leptoptilos_javanicus,624.6,395.0,213.2,277.2,35.2,1.5812658227848102,0.005704422160118363,0.3413384566122318,0.12015113672750559,3.559589977220957,3.541526195899772,0.4076309794988608,3.186150341685649,1.1788838268792712,3.559589977220957,soaring
Aquila_verreauxii,590.2,389.8,200.5,403.5,34.0,1.5141097998973834,0.0037524406441075174,0.33971535072856657,0.11550321924771262,3.542277904328018,3.514350797266515,0.48578587699316617,3.125330296127563,1.1803644646924831,3.542277904328018,soaring
Ara_macao,393.7,263.7,127.5,554.5,32.7,1.4929844520288207,0.0026924877403585582,0.3238506477012954,0.10589916179832361,3.536492027334852,3.437676537585422,0.5485193621867881,3.0656947608200453,1.1939407744874715,3.536492027334852,soaring
Aquila_gurneyi,544.5,360.8,183.8,365.5,33.8,1.5091463414634145,0.004128991358313036,0.3375573921028467,0.11409439853076217,3.5319817767653765,3.505125284738041,0.49496583143507966,3.1158086560364464,1.1834851936218675,3.5319817767653765,soaring
Ara_glaucogularis,343.4,231.1,114.7,477.0,33.1,1.4859368238857638,0.0031151715385445778,0.3340128130460105,0.11055824111822948,3.5212300683371294,3.4829384965831434,0.5354214123006834,3.083006833712984,1.2431207289293846,3.5212300683371294,soaring
Anodorhynchus_hyacinthinus,444.0,299.5,132.2,444.5,30.9,1.4824707846410685,0.003335142372645823,0.2977477477477477,0.09200405405405404,3.519453302961276,3.2966287015945333,0.6343507972665148,2.982779043280183,1.1231435079726653,3.519453302961276,soaring
Anhima_cornuta,553.1,370.5,181.1,253.4,32.9,1.4928475033738193,0.005891268758381292,0.3274272283493039,0.10772355812692097,3.472255125284738,3.453234624145786,0.541025056947608,3.0755808656036447,1.162984054669704,3.472255125284738,soaring
Syrmaticus_soemmerringii,215.4,149.8,63.5,661.9,29.8,1.4379172229639519,0.002172408555618601,0.2948003714020427,0.08785051067780872,3.4702050113895218,3.2524373576309795,0.7213211845102504,2.9110250569476084,1.3166287015945328,3.4702050113895218,soaring
Pernis_ptilorhynchus,413.6,278.6,130.7,263.8,32.0,1.4845656855707106,0.005627618216719904,0.31600580270793033,0.1011218568665377,3.469840546697039,3.3936674259681094,0.5833257403189067,3.032847380410023,1.1666514806378132,3.469840546697039,soaring
Ara_ararauna,381.3,264.6,115.4,492.5,30.1,1.4410430839002266,0.0029259758048735566,0.3026488329399423,0.09109729871492264,3.469111617312073,3.2983143507972663,0.6970387243735765,2.9359908883826877,1.146013667425968,3.469111617312073,soaring
Syrmaticus_humiae,212.4,146.6,61.9,378.6,29.7,1.4488403819918145,0.003826836719471248,0.2914312617702448,0.0865550847457627,3.4684282460136675,3.234738041002278,0.7158314350797266,2.908656036446469,1.313872437357631,3.4684282460136675,soaring
Haliaeetus_pelagicus,598.5,412.2,186.2,333.6,31.1,1.4519650655021834,0.004352413265893835,0.3111111111111111,0.09675555555555557,3.4622779043280185,3.3577676537585424,0.6433029612756264,2.984464692482916,1.1264236902050115,3.4622779043280185,soaring
Pithecophaga_jefferyi,585.8,407.1,178.7,423.0,30.3,1.4389584868582657,0.0034017931131401077,0.305052919085012,0.09243103448275862,3.4588610478359905,3.3149202733485197,0.6898633257403188,2.944009111617312,1.1074031890660594,3.4588610478359905,soaring
Strix_nebulosa,436.0,297.0,139.0,262.9,31.9,1.468013468013468,0.005583923423406118,0.31880733944954126,0.10169954128440367,3.4492938496583143,3.3999316628701597,0.6021640091116175,3.021913439635535,1.1649886104783598,3.4492938496583143,soaring
Pavo_cristatus,445.2,311.1,124.4,403.2,28.7,1.4310511089681772,0.0035492339012107572,0.2794249775381851,0.08019496855345913,3.4473348519362186,3.1497949886104784,0.7880637813211846,2.8433257403189063,1.0670159453302963,3.4473348519362186,soaring
Ardea_goliath,569.6,383.8,184.2,228.6,32.5,1.4841063053673789,0.006492153566786434,0.32338483146067415,0.10510007022471911,3.442004555808656,3.432961275626424,0.5612528473804099,3.0558997722095667,1.156378132118451,3.442004555808656,soaring
Rhyticeros_subruficollis,396.2,269.8,113.8,240.6,29.6,1.4684951816160117,0.006103471245286832,0.287228672387683,0.08501968702675418,3.4381321184510254,3.211822323462415,0.7064464692482915,2.9133485193621866,1.100113895216401,3.4381321184510254,soaring
Prosopeia_splendens,220.0,147.1,70.7,204.6,32.5,1.495581237253569,0.007309781218248139,0.32136363636363635,0.10444318181818181,3.428200455580866,3.4251708428246017,0.5523234624145785,3.0617767653758543,1.3668564920273347,3.428200455580866,soaring
Spilornis_rufipectus,328.6,221.5,105.5,214.4,32.4,1.4835214446952596,0.00691940972339207,0.3210590383444918,0.10402312842361533,3.4268792710706153,3.421093394077449,0.5673804100227791,3.0513895216400915,1.2330296127562645,3.4268792710706153,soaring
Urocolius_indicus,94.6,63.6,29.9,210.4,32.0,1.4874213836477985,0.007069493268288016,0.31606765327695563,0.1011416490486258,3.4267881548974946,3.3941685649202733,0.5807744874715263,3.0346241457858767,2.081002277904328,3.4267881548974946,soaring
Spizaetus_melanoleucus,400.6,275.4,124.3,249.0,31.1,1.4546114742193175,0.005841813149475171,0.31028457314028957,0.09649850224663005,3.4266514806378137,3.3540774487471525,0.6419134396355352,2.9845558086560366,1.1635079726651483,3.4266514806378137,soaring
Haliaeetus_vociferoides,487.2,333.0,156.2,236.8,31.9,1.463063063063063,0.0061784757730703665,0.320607553366174,0.10227380952380952,3.425603644646925,3.4057630979498863,0.6048974943052394,3.0200911161731203,1.1570615034168563,3.425603644646925,soaring
Buteogallus_anthracinus,355.2,239.5,106.0,206.2,30.7,1.483089770354906,0.007192481912487421,0.29842342342342343,0.09161599099099099,3.4199999999999995,3.294851936218678,0.6401822323462416,2.9768109339407745,1.1569476082004555,3.4199999999999995,soaring
Syrmaticus_ellioti,224.0,156.7,66.9,297.7,30.0,1.4294830887045311,0.004801757100115993,0.29866071428571433,0.08959821428571431,3.4187699316628697,3.277425968109339,0.7185649202733484,2.9174943052391797,1.3155580865603644,3.4187699316628697,soaring
Anodorhynchus_leari,378.1,268.5,118.7,408.2,30.7,1.408193668528864,0.0034497640091348952,0.31393811161068497,0.09637900026448028,3.4053302961275627,3.356993166287016,0.7081093394077449,2.9397266514806377,1.1962186788154896,3.4053302961275627,soaring
Corvus_tristis,324.7,224.9,98.6,234.4,30.4,1.4437527790128946,0.006159354859270027,0.3036649214659686,0.09231413612565444,3.4025968109339413,3.3119362186788157,0.682870159453303,2.9484738041002276,1.1925284738041002,3.4025968109339413,soaring
Icthyophaga_ichthyaetus,471.2,330.4,134.6,268.8,29.0,1.4261501210653753,0.00530561800991583,0.28565365025466893,0.08283955857385399,3.4025512528473802,3.1870387243735765,0.7762870159453304,2.8588154897494307,1.077927107061503,3.4025512528473802,soaring
Spilornis_holospilus,340.1,234.5,103.8,221.7,30.7,1.4503198294243071,0.006541812491765031,0.3052043516612761,0.09369773596001175,3.399589977220957,3.325102505694761,0.6641457858769932,2.9638724373576313,1.1894760820045556,3.399589977220957,soaring
Pseudastur_polionotus,365.8,245.5,111.5,188.2,31.3,1.4900203665987781,0.007917217675870234,0.3048113723346091,0.09540595954073265,3.3981776765375855,3.3377676537585423,0.6094760820045557,3.0059225512528474,1.1660136674259682,3.3981776765375855,soaring
Pernis_steerei,378.5,265.2,113.2,257.2,29.9,1.4272247360482655,0.0055490852879015,0.2990752972258917,0.08942351387054162,3.396856492027335,3.2769248291571755,0.7254897494305241,2.912164009111618,1.1493621867881547,3.396856492027335,soaring
Ninox_strenua,400.8,281.9,116.8,261.7,29.3,1.4217807733238739,0.0054328650107905,0.29141716566866266,0.08538522954091815,3.394624145785877,3.2229157175398635,0.7622779043280183,2.876719817767654,1.1152164009111618,3.394624145785877,soaring
Buteogallus_meridionalis,416.4,287.4,130.9,217.4,31.1,1.4488517745302714,0.006664451584775858,0.31436119116234396,0.09776633045148898,3.392118451025057,3.3687471526195902,0.6446013667425967,2.985649202733485,1.1595899772209568,3.392118451025057,soaring
Lophaetus_occipitalis,373.6,255.3,116.1,201.4,31.3,1.4633764198981591,0.007266019959772388,0.3107601713062098,0.09726793361884367,3.3903416856492026,3.359635535307517,0.6287015945330297,2.995535307517084,1.17749430523918,3.3903416856492026,soaring
Prosopeia_personata,232.2,161.1,68.4,221.0,29.8,1.441340782122905,0.006521903991506358,0.29457364341085274,0.08778294573643412,3.388701594533029,3.2512072892938497,0.7177220956719818,2.9133485193621866,1.2814578587699312,3.388701594533029,soaring
Spilornis_cheela,373.7,261.1,112.6,237.4,30.1,1.4312523937188815,0.006028864337484757,0.3013112122023013,0.09069467487289269,3.3883371298405467,3.2925284738041,0.7090205011389523,2.9270159453302957,1.15749430523918,3.3883371298405467,soaring
Parabuteo_unicinctus,320.8,223.2,99.8,222.0,30.8,1.4372759856630826,0.006474216151635508,0.31109725685785533,0.09581795511221944,3.3822779043280176,3.349726651480638,0.6697949886104784,2.964510250569476,1.2147380410022777,3.3822779043280176,soaring
Circaetus_cinerascens,379.5,264.2,115.2,220.5,30.4,1.4364118092354277,0.006514339270908969,0.30355731225296445,0.0922814229249012,3.3804100227790435,3.3111617312072896,0.6906605922551253,2.943052391799544,1.1610022779043279,3.3804100227790435,soaring
Strix_uralensis,352.8,249.5,101.5,259.8,28.8,1.4140280561122245,0.0054427561821101785,0.2876984126984127,0.08285714285714285,3.378359908883827,3.189658314350797,0.7989521640091117,2.844419134396355,1.129020501138952,3.378359908883827,soaring
Buteogallus_solitarius,526.2,370.9,150.6,245.3,28.9,1.418711242922621,0.005783576204331923,0.28620296465222345,0.08271265678449258,3.376127562642369,3.185876993166287,0.789612756264237,2.84993166287016,1.0715261958997724,3.376127562642369,soaring
Probosciger_aterrimus,344.2,241.2,103.1,229.2,29.9,1.4270315091210615,0.006226140964751577,0.29953515398024405,0.08956101104009298,3.3749886104783595,3.278656036446469,0.7253075170842824,2.9124373576309797,1.1731435079726649,3.3749886104783595,soaring
Leipoa_ocellata,310.2,214.1,96.2,195.0,31.0,1.4488556749182624,0.007430029102144935,0.31012250161186333,0.09613797549967763,3.366013667425968,3.350478359908884,0.6513439635535306,2.9773120728929388,1.2230068337129842,3.366013667425968,soaring
Spilornis_elgini,365.4,255.8,106.8,215.6,29.4,1.428459734167318,0.006625508971091457,0.29228243021346473,0.08593103448275861,3.3640546697038727,3.2296355353075175,0.7516400911161729,2.88373576309795,1.1336902050113897,3.3640546697038727,soaring
Cercococcyx_montanus,146.4,101.0,45.5,193.2,31.0,1.4495049504950495,0.007502613615398808,0.31079234972677594,0.09634562841530053,3.363963553530752,3.3532574031890663,0.649749430523918,2.9789066059225515,1.6087927107061502,3.363963553530752,soaring
Hemiphaga_chathamensis,272.0,188.1,83.9,195.5,30.8,1.446039340776183,0.0073966206689318826,0.3084558823529412,0.09500441176470589,3.3630979498861047,3.341480637813212,0.6617995444191345,2.9687015945330293,1.256514806378132,3.3630979498861047,soaring
Strix_varia,341.2,240.2,101.0,218.3,29.6,1.4204829308909241,0.006507022129596537,0.29601406799531066,0.08762016412661197,3.35630979498861,3.2529157175398633,0.7474487471526194,2.8910250569476084,1.1674487471526196,3.35630979498861,soaring
Corvus_hawaiiensis,315.4,219.0,96.4,195.3,30.5,1.4401826484018263,0.007374207109072331,0.30564362714013954,0.09322130627774255,3.3555808656036445,3.3212300683371296,0.6816400911161732,2.950113895216401,1.205649202733485,3.3555808656036445,soaring
Bubo_lacteus,435.4,306.5,129.0,217.8,29.6,1.4205546492659054,0.00652228948239626,0.2962792834175471,0.08769866789159395,3.355261958997722,3.2546924829157176,0.7469931662870158,2.8917084282460137,1.1161503416856493,3.355261958997722,soaring
Bubo_virginianus,371.2,258.5,112.7,197.0,30.4,1.4359767891682784,0.007289222280042023,0.3036099137931035,0.09229741379310345,3.3539863325740322,3.3114350797266514,0.6907517084282461,2.9431435079726653,1.1654669703872438,3.3539863325740322,soaring
Corvus_fuscicapillus,335.9,232.8,103.2,191.1,30.7,1.44286941580756,0.007550337079055783,0.3072342959214052,0.09432092884787141,3.3521640091116174,3.332437357630979,0.6706150341685648,2.9610022779043286,1.1975854214123005,3.3521640091116174,soaring
Strix_seloputo,354.5,245.5,109.0,189.1,30.8,1.4439918533604887,0.007636128256797932,0.307475317348378,0.09470239774330043,3.3512984054669706,3.3359681093394076,0.6652164009111616,2.964373576309795,1.185899772209567,3.3512984054669706,soaring
Nisaetus_cirrhatus,414.6,298.5,115.8,289.8,27.9,1.3889447236180905,0.004792769922767738,0.27930535455861066,0.07792619392185238,3.3496127562642366,3.1248291571753986,0.8762642369020501,2.777858769931663,1.0781776765375854,3.3496127562642366,soaring
Milvago_chimachima,285.9,199.9,85.5,198.4,29.9,1.4302151075537768,0.007208745501783149,0.2990556138509969,0.08941762854144807,3.3469703872437355,3.2764236902050112,0.7221640091116175,2.9143052391799547,1.218428246013667,3.3469703872437355,soaring
Spilornis_kinabaluensis,368.5,261.5,107.0,227.5,29.0,1.4091778202676863,0.006194188220956864,0.2903663500678426,0.08420624151967436,3.3466970387243737,3.208268792710706,0.7936446469248293,2.8513439635535303,1.1305922551252845,3.3466970387243737,soaring
Lamprotornis_regius,127.0,88.7,39.3,196.7,30.7,1.431792559188275,0.007279067408176284,0.30944881889763776,0.09500078740157479,3.346560364464693,3.3413211845102504,0.6811845102505694,2.955854214123007,1.7441002277904327,3.346560364464693,soaring
Polyboroides_radiatus,397.4,287.0,112.2,298.0,28.1,1.3846689895470383,0.004646540233379323,0.2823351786612985,0.07933618520382488,3.3425512528473806,3.146082004555809,0.871002277904328,2.7840546697038726,1.1020728929384966,3.3425512528473806,soaring
Urocolius_macrourus,89.5,63.6,25.9,223.2,29.0,1.4072327044025157,0.006304806023308762,0.28938547486033517,0.0839217877094972,3.3397722095671982,3.2045330296127563,0.7971981776765378,2.848519362186788,2.1059908883826877,3.3397722095671982,soaring
Ibycter_americanus,359.8,258.6,92.2,253.8,26.2,1.391337973704563,0.005482025113099144,0.2562534741523068,0.06713841022790439,3.339316628701595,2.9114578587699316,0.9960592255125285,2.6532574031890666,1.0118223234624146,3.339316628701595,soaring
Strepera_graculina,260.6,182.5,76.7,193.8,29.6,1.4279452054794521,0.007368138315167452,0.2943207981580967,0.08711895625479663,3.3375398633257403,3.244259681093394,0.7411161731207287,2.8944874715261957,1.2399772209567197,3.3375398633257403,soaring
Pucrasia_macrolopha,222.0,155.4,62.9,190.4,28.8,1.4285714285714286,0.007503001200480191,0.2833333333333333,0.0816,3.3341230068337135,3.1692938496583145,0.7849430523917997,2.8503416856492025,1.2672892938496583,3.3341230068337135,soaring
Spilornis_klossi,297.2,209.4,87.8,198.2,29.5,1.4192932187201528,0.007160914322503293,0.29542395693135937,0.08715006729475101,3.3316628701594535,3.2467198177676537,0.7546924829157176,2.885421412300683,1.197653758542141,3.3316628701594535,soaring
Leptodon_forbesi,316.2,226.8,89.4,233.4,28.5,1.394179894179894,0.005973350017908715,0.28273244781783685,0.0805787476280835,3.3261047835990887,3.1588610478359906,0.8414578587699317,2.809111617312073,1.1622323462414577,3.3261047835990887,soaring
Bubo_nipalensis,426.0,304.1,117.2,219.2,27.9,1.400854981913844,0.006390761778804033,0.27511737089201876,0.07675774647887323,3.3256492027334854,3.1009567198177677,0.8662414578587698,2.7805922551252844,1.0651480637813213,3.3256492027334854,soaring
Morphnarchus_princeps,364.7,257.2,107.4,192.7,29.5,1.4179626749611198,0.00735839478443757,0.29448862078420623,0.08687414313134084,3.3212756264236902,3.2419817767653756,0.7575626423690206,2.8816856492027334,1.1470842824601366,3.3212756264236902,soaring
Gypohierax_angolensis,419.0,296.6,127.3,196.8,30.0,1.4126770060687794,0.00717823681945518,0.30381861575179,0.091145584725537,3.317676537585421,3.302164009111617,0.7344191343963553,2.9103416856492026,1.1461731207289296,3.317676537585421,soaring
Aquila_africana,342.2,248.4,93.8,277.8,27.4,1.3776167471819645,0.004959023567969635,0.2741087083576856,0.07510578609000584,3.317084282460137,3.0739863325740315,0.9319817767653756,2.728200455580866,1.107972665148064,3.317084282460137,soaring
Buteo_brachyurus,307.6,213.3,90.0,171.0,29.7,1.4421003281762776,0.008433335252492851,0.29258777633289984,0.08689856957087125,3.314214123006834,3.239703872437358,0.7220728929384963,2.90624145785877,1.1807517084282462,3.314214123006834,soaring
Accipiter_princeps,266.3,188.5,77.8,192.3,29.2,1.4127320954907163,0.007346500756581987,0.29215170859932404,0.08530829891100263,3.3128929384965833,3.2228929384965834,0.7786104783599088,2.8653758542141228,1.2265831435079728,3.3128929384965833,soaring
Circaetus_fasciolatus,362.2,260.8,101.5,227.0,28.0,1.388803680981595,0.006118077889786762,0.2802319160684705,0.07846493649917173,3.31248291571754,3.1334396355353076,0.869749430523918,2.7828246013667424,1.112892938496583,3.31248291571754,soaring
Ducula_forsteni,240.4,169.2,68.5,181.2,28.8,1.4208037825059103,0.007841080477405686,0.28494176372712143,0.08206322795341098,3.310751708428246,3.176810933940774,0.7915717539863327,2.8470615034168567,1.2399999999999998,3.310751708428246,soaring
Cathartes_burrovianus,485.8,351.1,133.4,240.4,27.5,1.3836513813728282,0.005755621386742214,0.2745986002470152,0.07551461506792918,3.309293849658314,3.081913439635535,0.9142596810933938,2.7428246013667423,1.0454214123006835,3.309293849658314,soaring
Pernis_celebensis,350.2,253.5,96.8,246.2,27.6,1.3814595660749507,0.0056111274007918386,0.2764134780125643,0.07629011993146774,3.3079726651480637,3.0980865603644645,0.9105694760820047,2.749430523917996,1.1099316628701594,3.3079726651480637,soaring
Lophophorus_lhuysii,336.6,245.7,87.8,291.0,26.3,1.3699633699633702,0.004707777903654193,0.2608437314319667,0.06860190136660725,3.3079271070615035,2.947084282460137,1.0219362186788157,2.6432801822323464,1.0577904328018222,3.3079271070615035,soaring
Turacoena_manadensis,198.7,140.0,57.8,181.3,29.2,1.4192857142857143,0.007828382318178236,0.29089079013588326,0.0849401107196779,3.3072892938496583,3.217927107061503,0.7710022779043281,2.8687015945330296,1.3503189066059227,3.3072892938496583,soaring
Phasianus_versicolor,220.6,161.2,58.6,291.0,26.6,1.36848635235732,0.004702702241777733,0.26563916591115144,0.07066001813236629,3.302870159453303,2.9918223234624146,0.9999316628701593,2.664373576309795,1.2184738041002279,3.302870159453303,soaring
Colius_colius,86.9,62.3,25.9,208.3,29.4,1.3948635634028894,0.006696416530978825,0.2980437284234752,0.0876248561565017,3.3018223234624147,3.2557858769931665,0.7900911161731209,2.8625056947608196,2.182346241457859,3.3018223234624147,soaring
Pulsatrix_melanota,276.2,193.5,82.8,174.0,30.0,1.427390180878553,0.008203391844129614,0.2997827661115134,0.08993482983345402,3.3010022779043275,3.2831207289293847,0.7197038724373576,2.9172665148063777,1.2368337129840548,3.3010022779043275,soaring
Meleagris_ocellata,362.5,265.6,96.9,305.2,26.6,1.3648343373493974,0.00447193426392332,0.2673103448275862,0.07110455172413793,3.30004555808656,3.005398633257403,1.0028018223234623,2.664738041002278,1.0623006833712987,3.30004555808656,soaring
Pulsatrix_perspicillata,339.3,243.0,95.1,202.6,28.1,1.3962962962962964,0.006891886951116962,0.2802829354553492,0.07875950486295313,3.3000000000000003,3.1369703872437356,0.8560136674259682,2.7934396355353077,1.128496583143508,3.3000000000000003,soaring
Cathartes_aura,508.5,369.0,135.6,244.0,26.9,1.3780487804878048,0.005647740903638544,0.26666666666666666,0.07173333333333333,3.299635535307517,3.012984054669704,0.9659908883826878,2.694851936218679,1.0167198177676537,3.299635535307517,soaring
Ducula_goliath,293.2,209.6,83.7,197.0,28.5,1.3988549618320612,0.007100786608284574,0.2854706684856753,0.08135914051841747,3.296765375854214,3.1714350797266517,0.832346241457859,2.8173120728929386,1.1785421412300683,3.296765375854214,soaring
Prosopeia_tabuensis,235.2,169.6,67.1,211.6,28.3,1.3867924528301887,0.006553839569140778,0.2852891156462585,0.08073681972789115,3.292892938496583,3.1645785876993164,0.8573804100227791,2.7983599088838265,1.2599772209567197,3.292892938496583,soaring
Phasianus_colchicus,237.7,175.8,61.3,449.8,25.8,1.3521046643913537,0.0030060130377753524,0.2578880942364325,0.06653512831299958,3.2916173120728933,2.9041230068337134,1.0891799544419136,2.585603644646925,1.1607972665148063,3.2916173120728933,soaring
Rhyticeros_narcondami,286.6,205.0,82.5,192.6,28.7,1.398048780487805,0.00725882025175392,0.287857641311933,0.08261514305652476,3.2895671981776764,3.1878359908883827,0.8241002277904328,2.8260592255125285,1.1942141230068337,3.2895671981776764,soaring
Psarocolius_cassini,235.0,170.1,64.9,220.0,27.6,1.3815402704291593,0.006279728501950724,0.2761702127659575,0.07622297872340428,3.2882915717539865,3.0960820045558086,0.9106605922551254,2.749066059225513,1.2339407744874713,3.2882915717539865,soaring
Cryptophaps_poecilorrhoa,231.3,165.7,65.6,192.3,28.4,1.395896197948099,0.0072589505873536095,0.2836143536532641,0.080546476437527,3.2863781321184513,3.1599316628701595,0.8423917995444193,2.8076993166287014,1.2628473804100229,3.2863781321184513,soaring
Busarellus_nigricollis,393.5,283.1,105.9,199.8,27.0,1.3899682091133874,0.0069567978434103474,0.2691232528589581,0.0726632782719187,3.2859681093394078,3.031548974943052,0.9356036446469247,2.7168109339407747,1.0395671981776766,3.2859681093394078,soaring
Colius_leucocephalus,88.0,63.7,24.3,215.0,27.6,1.3814756671899528,0.006425468219488153,0.2761363636363636,0.07621363636363636,3.283052391799544,3.0955808656036443,0.910888382687927,2.748838268792711,2.094624145785877,3.283052391799544,soaring
Pseudastur_occidentalis,346.2,248.5,97.8,192.0,28.2,1.393158953722334,0.007256036217303823,0.2824956672443674,0.07966377816291162,3.2809111617312077,3.149681093394077,0.855284738041002,2.795763097949886,1.1293166287015945,3.2809111617312077,soaring
Onychognathus_tenuirostris,152.2,105.9,45.3,159.1,30.0,1.437204910292729,0.00903334324508315,0.297634691195795,0.0892904073587385,3.280820045558087,3.272414578587699,0.7098633257403189,2.921321184510251,1.5466287015945328,3.280820045558087,soaring
Lophura_diardi,230.0,169.0,58.7,272.2,25.8,1.3609467455621302,0.004999804355481742,0.25521739130434784,0.06584608695652175,3.2801822323462413,2.8868564920273347,1.074874715261959,2.5938496583143507,1.1610706150341685,3.2801822323462413,soaring
Ninox_rufa,327.2,236.0,91.8,200.0,28.0,1.3864406779661016,0.006932203389830509,0.28056234718826406,0.07855745721271394,3.2797722095671986,3.135899772209567,0.873120728929385,2.7807289293849657,1.139863325740319,3.2797722095671986,soaring
Accipiter_henstii,290.5,212.5,78.0,245.0,27.0,1.3670588235294117,0.005579831932773109,0.2685025817555938,0.07249569707401032,3.27872437357631,3.027220956719818,0.9760592255125283,2.69006833712984,1.1407061503416858,3.27872437357631,soaring
Strix_aluco,264.8,187.1,77.7,171.1,29.3,1.4152859433458045,0.00827168873960143,0.29342900302114805,0.08597469788519638,3.2780865603644647,3.2309339407744875,0.7702050113895216,2.871435079726652,1.2298405466970388,3.2780865603644647,soaring
Lophura_swinhoii,237.8,176.1,58.4,360.2,24.9,1.3503691084611018,0.003748942555416718,0.24558452481076534,0.061150546677880564,3.2768337129840552,2.7771753986332577,1.168382687927107,2.50621867881549,1.1029840546697036,3.2768337129840552,soaring
Onychognathus_blythii,165.1,116.3,47.9,167.0,29.2,1.419604471195185,0.008500625576019072,0.2901271956390067,0.08471714112658996,3.275990888382688,3.213325740318907,0.7715945330296128,2.868382687927107,1.4642141230068337,3.275990888382688,soaring
Bubo_blakistoni,508.0,373.0,135.0,261.0,26.6,1.3619302949061662,0.005218123735272667,0.265748031496063,0.07068897637795277,3.275763097949886,2.9933257403189066,1.0103189066059222,2.6576765375854214,1.0175626423690205,3.275763097949886,soaring
Colius_castanotus,95.6,69.6,25.7,224.0,27.0,1.3735632183908046,0.006131978653530378,0.2688284518828452,0.0725836820083682,3.2753075170842822,3.0284510250569476,0.9653075170842824,2.6973120728929385,1.9501822323462417,3.2753075170842822,soaring
Ketupa_zeylonensis,381.1,273.4,108.2,187.5,28.3,1.3939283101682518,0.007434284320897344,0.28391498294410916,0.08034794017318289,3.274350797266515,3.1590660592255126,0.8487699316628703,2.8020501138952163,1.109635535307517,3.274350797266515,soaring
Meleagris_gallopavo,448.8,332.5,115.0,351.2,26.0,1.3497744360902255,0.003843321287272852,0.25623885918003564,0.06662210338680927,3.273895216400911,2.9030296127562645,1.082027334851936,2.591480637813212,1.010227790432802,3.273895216400911,soaring
Cercococcyx_mechowi,130.5,92.0,38.5,166.8,29.5,1.4184782608695652,0.008504066312167657,0.2950191570881226,0.08703065134099618,3.273234624145786,3.245148063781321,0.7558542141230071,2.8840774487471528,1.6772437357630978,3.273234624145786,soaring
Cercococcyx_lemaireae,130.5,92.0,38.5,166.8,29.5,1.4184782608695652,0.008504066312167657,0.2950191570881226,0.08703065134099618,3.273234624145786,3.245148063781321,0.7558542141230071,2.8840774487471528,1.6772437357630978,3.273234624145786,soaring
Accipiter_gundlachi,228.0,166.2,61.8,223.0,27.1,1.3718411552346572,0.006151754059348238,0.2710526315789474,0.07345526315789475,3.2708428246013668,3.04749430523918,0.9592938496583144,2.7055125284738044,1.2295444191343963,3.2708428246013668,soaring
Aplonis_magna,120.0,85.5,34.5,173.7,28.9,1.4035087719298245,0.008080073528669112,0.2875,0.08308749999999998,3.266651480637813,3.1915717539863326,0.8091116173120728,2.8386788154897493,1.7501594533029614,3.266651480637813,soaring
Accipiter_novaehollandiae,261.9,188.3,76.0,183.6,28.9,1.3908656399362718,0.007575520914685577,0.2901870943108057,0.08386407025582285,3.2641002277904327,3.203872437357631,0.8239635535307517,2.830751708428246,1.2380865603644646,3.2641002277904327,soaring
Ciconia_stormi,387.5,276.0,111.5,172.2,28.8,1.4039855072463767,0.00815322594219731,0.28774193548387095,0.08286967741935485,3.264054669703872,3.190159453302961,0.8123917995444192,2.8355353075170844,1.1155353075170842,3.264054669703872,soaring
Leptosomus_discolor,248.4,179.5,67.4,191.7,27.3,1.3838440111420613,0.007218800266781749,0.27133655394524964,0.07407487922705315,3.2638724373576307,3.0565148063781318,0.9273576309794989,2.7284282460136673,1.1923234624145786,3.2638724373576307,soaring
Gubernetes_yetapa,125.6,92.4,33.2,248.8,26.5,1.3593073593073592,0.005463454016508678,0.26433121019108285,0.07004777070063696,3.2637357630979498,2.9770842824601367,1.0245785876993168,2.6460136674259678,1.6359453302961278,3.2637357630979498,soaring
Ducula_badia,232.2,165.2,67.2,170.8,28.9,1.4055690072639226,0.008229326740421091,0.289405684754522,0.08363824289405684,3.2616856492027337,3.20127562642369,0.8050113895216402,2.84255125284738,1.2723462414578588,3.2616856492027337,soaring
Dryotriorchis_spectabilis,290.5,213.5,77.0,240.2,26.5,1.360655737704918,0.005664678341818976,0.26506024096385544,0.0702409638554217,3.2585421412300684,2.9826423690205015,1.0210022779043282,2.6482460136674257,1.118997722095672,3.2585421412300684,soaring
Clamator_levaillantii,174.4,127.4,46.6,215.2,26.8,1.3689167974882261,0.00636113753479659,0.2672018348623853,0.07161009174311926,3.2582232346241455,3.0132346241457864,0.9848063781321186,2.680865603644647,1.3616173120728927,3.2582232346241455,soaring
Ardea_sumatrana,453.5,320.4,129.3,160.2,28.8,1.41541822721598,0.008835319770386893,0.28511576626240354,0.08211334068357223,3.2562642369020502,3.177995444191344,0.7985876993166288,2.8422323462414583,1.0815489749430522,3.2562642369020502,soaring
Cacatua_moluccensis,294.2,209.8,84.5,170.5,28.7,1.4022878932316492,0.008224562423646036,0.28721957851801494,0.08243201903467029,3.255854214123007,3.184373576309795,0.8194077448747152,2.828883826879271,1.182733485193622,3.255854214123007,soaring
Nisaetus_philippensis,355.2,262.2,93.8,253.4,26.4,1.3546910755148742,0.0053460579144233395,0.26407657657657657,0.06971621621621621,3.254123006833713,2.969407744874715,1.0407517084282463,2.6338496583143503,1.0669476082004556,3.254123006833713,soaring
Ducula_whartoni,251.0,179.2,72.2,170.6,28.8,1.400669642857143,0.00821025581979568,0.28764940239043824,0.08284302788844622,3.2540318906605923,3.189066059225513,0.8177676537585422,2.8313439635535307,1.2419134396355351,3.2540318906605923,soaring
Nisaetus_floris,436.7,320.8,115.9,229.3,26.5,1.361284289276808,0.00593669554852511,0.2653995878177239,0.07033089077169682,3.2527107061503417,2.985193621867882,1.0194533029612758,2.649886104783599,1.0246013667425968,3.2527107061503417,soaring
Syrmaticus_mikado,218.8,163.3,50.7,337.8,23.7,1.3398652786282914,0.0039664454666320055,0.2317184643510055,0.0549172760511883,3.247972665148064,2.6056719817767653,1.2927334851936219,2.3907061503416855,1.0696355353075169,3.247972665148064,soaring
Megatriorchis_doriae,290.5,214.9,75.6,257.5,26.0,1.3517915309446253,0.005249675848328642,0.26024096385542167,0.06766265060240963,3.246970387243736,2.9310478359908885,1.0727334851936219,2.6029157175398634,1.1034396355353078,3.246970387243736,soaring
Strepera_versicolor,267.3,196.1,71.8,213.7,26.8,1.3630800611932687,0.0063784747833096345,0.26861204638982417,0.07198802843247287,3.2444646924829157,3.0205239179954444,0.9930523917995446,2.6765831435079726,1.1603416856492026,3.2444646924829157,soaring
Strix_ocellata,323.4,233.4,91.8,176.9,27.9,1.3856041131105397,0.007832697078069755,0.28385899814471244,0.07919666048237477,3.244168564920273,3.1463553530751707,0.8773804100227789,2.779658314350797,1.1373120728929385,3.244168564920273,soaring
Anthochaera_paradoxa,179.7,132.8,40.2,233.6,23.2,1.3531626506024095,0.00579264833305826,0.2237061769616027,0.05189983305509182,3.2416856492027333,2.5160592255125285,1.3120956719817767,2.3560820045558084,1.1250797266514807,3.2416856492027333,soaring
Strepera_fuliginosa,255.1,183.9,75.5,174.7,29.2,1.3871669385535617,0.007940280129098807,0.2959623676989416,0.08642101136809094,3.2413667425968113,3.2402961275626425,0.8103189066059224,2.8437813211845104,1.2653986332574032,3.2413667425968113,soaring
Dacelo_novaeguineae,216.1,152.3,62.5,153.1,29.1,1.418910045961917,0.009267864441292732,0.2892179546506247,0.0841624248033318,3.2408200455580864,3.2071526195899773,0.7770387243735762,2.862232346241458,1.30127562642369,3.2408200455580864,soaring
Ducula_latrans,230.8,163.8,66.9,158.3,29.0,1.409035409035409,0.008901044908625451,0.28986135181975736,0.08405979202772963,3.2404100227790433,3.2062186788154894,0.7944191343963556,2.8502961275626424,1.2767425968109336,3.2404100227790433,soaring
Onychognathus_salvadorii,154.7,114.2,38.5,227.6,25.2,1.3546409807355515,0.005951849651737924,0.24886877828054302,0.06271493212669683,3.237858769931663,2.811890660592255,1.1341685649202735,2.5364464692482915,1.3664692482915715,3.237858769931663,soaring
Ciccaba_nigrolineata,255.0,182.6,72.4,165.2,28.5,1.3964950711938664,0.008453359995120258,0.283921568627451,0.08091764705882352,3.236719817767654,3.165330296127563,0.8363097949886105,2.8133029612756264,1.227653758542141,3.236719817767654,soaring
Clamator_coromandus,159.8,117.5,42.2,212.4,26.4,1.36,0.0064030131826742,0.2640801001251564,0.06971714643304129,3.235079726651481,2.9696810933940774,1.0307972665148064,2.6406378132118453,1.410501138952164,3.235079726651481,soaring
Ketupa_flavipes,432.8,318.2,110.3,206.8,25.8,1.3601508485229417,0.00657713176268347,0.2548521256931608,0.06575184842883548,3.2320728929384965,2.884214123006834,1.0768792710706152,2.592665148063781,0.9852164009111616,3.2320728929384965,soaring
Aviceda_jerdoni,302.8,222.9,76.9,211.0,25.6,1.3584567070435174,0.006438183445703873,0.2539630118890357,0.06501453104359314,3.231070615034169,2.866947608200456,1.0953302961275626,2.5768109339407745,1.0541457858769931,3.231070615034169,soaring
Cuculus_crassirostris,206.0,147.5,58.5,162.0,28.4,1.3966101694915254,0.008621050428960034,0.28398058252427183,0.0806504854368932,3.2301138952164012,3.162619589977221,0.8405239179954442,2.8090205011389524,1.3194305239179953,3.2301138952164012,soaring
Amazona_imperialis,282.0,202.9,79.1,167.0,28.1,1.389847215377033,0.008322438415431335,0.2804964539007092,0.07881950354609929,3.22997722095672,3.1377448747152625,0.8644874715261959,2.7880182232346242,1.1833485193621869,3.22997722095672,soaring
Podargus_papuensis,289.6,215.6,78.1,267.4,26.6,1.3432282003710576,0.005023291699218615,0.2696823204419889,0.07173549723756906,3.2291571753986332,3.0187927107061503,1.043530751708428,2.642596810933941,1.150227790432802,3.2291571753986332,soaring
Parabuteo_leucorrhous,241.0,174.2,65.5,171.6,27.3,1.3834672789896671,0.008062163630475915,0.2717842323651452,0.07419709543568465,3.227380410022779,3.0583826879271068,0.9279954441913438,2.728838268792711,1.2038041002277904,3.227380410022779,soaring
Pica_nutalli,188.8,140.2,49.9,241.5,26.2,1.3466476462196864,0.005576180729688142,0.2643008474576271,0.0692468220338983,3.2245102505694763,2.964669703872437,1.066902050113895,2.614533029612756,1.3053986332574032,3.2245102505694763,soaring
Lophophorus_sclateri,295.2,215.6,79.7,186.5,27.0,1.3692022263450834,0.007341566897292672,0.26998644986449866,0.07289634146341464,3.2245102505694763,3.0359681093394078,0.9706378132118452,2.6948974943052395,1.13250569476082,3.2245102505694763,soaring
Lyrurus_mlokosiewiczi,197.8,142.8,56.1,166.8,28.2,1.3851540616246498,0.008304280944991905,0.28361981799797775,0.07998078867542972,3.220865603644647,3.1544191343963552,0.8648063781321181,2.79002277904328,1.3416173120728934,3.220865603644647,soaring
Podargus_strigoides,228.8,165.8,63.0,172.0,27.5,1.3799758745476478,0.008023115549695627,0.2753496503496503,0.07572115384615383,3.219544419134396,3.0862870159453304,0.921138952164009,2.7394533029612753,1.2397722095671984,3.219544419134396,soaring
Coccyzus_ferrugineus,129.6,92.0,37.7,151.2,29.1,1.408695652173913,0.009316770186335404,0.2908950617283951,0.08465046296296297,3.218952164009112,3.2151708428246017,0.7895216400911164,2.855125284738041,1.6765831435079728,3.218952164009112,soaring
Strix_leptogrammica,313.0,224.3,89.2,157.0,28.5,1.3954525189478377,0.008888232604763298,0.28498402555910546,0.08122044728434506,3.215307517084282,3.1694305239179954,0.8381776765375855,2.813120728929385,1.1643280182232345,3.215307517084282,soaring
Dromococcyx_phasianellus,162.8,120.6,41.7,216.4,25.7,1.349917081260365,0.006238064146304829,0.25614250614250617,0.06582862407862408,3.2148974943052395,2.8879726651480633,1.1022779043280182,2.5751708428246016,1.3670159453302961,3.2148974943052395,soaring
Tanysiptera_galatea,104.3,77.7,25.4,236.0,24.8,1.3423423423423422,0.00568789128111162,0.24352828379674016,0.06039501438159157,3.2129384965831433,2.7559681093394075,1.1933257403189066,2.487608200455581,1.743986332574032,3.2129384965831433,soaring
Nisaetus_nipalensis,423.7,317.6,107.0,286.4,25.1,1.3340680100755666,0.0046580586943979286,0.2525371725277319,0.06338683030446071,3.2104328018223236,2.8318223234624145,1.1823462414578587,2.507972665148064,0.9778815489749432,3.2104328018223236,soaring
Dicrurus_megarhynchus,178.3,134.0,44.4,307.2,24.8,1.3305970149253732,0.004331370491293533,0.24901850813236118,0.061756590016825576,3.2086104783599088,2.7949202733485192,1.2130979498861048,2.478451025056948,1.273371298405467,3.2086104783599088,soaring
Ptilostomus_afer,165.1,123.5,41.6,258.0,25.2,1.3368421052631578,0.005181558547531619,0.25196850393700787,0.06349606299212598,3.2080637813211847,2.8339407744874716,1.1676537585421414,2.5186788154897495,1.3423234624145786,3.2080637813211847,soaring
Ducula_mindorensis,230.0,166.4,63.5,164.7,27.6,1.3822115384615383,0.008392298351314746,0.27608695652173915,0.0762,3.2077904328018225,3.0950341685649203,0.9089293849658315,2.7498405466970386,1.2412300683371298,3.2077904328018225,soaring
Bycanistes_brevis,355.0,266.5,87.9,293.3,24.7,1.3320825515947468,0.004541706619825253,0.24760563380281692,0.06115859154929578,3.207107061503417,2.781435079726651,1.2182004555808654,2.4726651480637813,0.9920501138952166,3.207107061503417,soaring
Accipiter_madagascariensis,190.8,136.2,54.5,149.5,28.7,1.4008810572687227,0.009370441854640286,0.2856394129979036,0.08197851153039833,3.202141230068337,3.1780410022779044,0.8223917995444191,2.8256036446469253,1.3686560364464693,3.202141230068337,soaring
Bostrychia_hagedash,338.8,245.3,91.1,162.4,27.1,1.3811659192825112,0.0085047162517396,0.2688902007083825,0.07286924439197166,3.200637813211845,3.033507972665148,0.9467653758542143,2.710751708428246,1.0917767653758543,3.200637813211845,soaring
Pica_hudsonia,202.8,152.1,49.6,262.0,24.6,1.3333333333333335,0.005089058524173028,0.2445759368836292,0.060165680473372785,3.199635535307517,2.7554214123006835,1.2254669703872438,2.462596810933941,1.184487471526196,3.199635535307517,soaring
Rigidipenna_inexpectata,192.0,139.6,52.4,166.0,27.3,1.3753581661891119,0.008285290157765733,0.27291666666666664,0.07450625,3.197312072892938,3.0653075170842823,0.9407972665148063,2.7209111617312067,1.324441913439636,3.197312072892938,soaring
Hylatomus_pileatus,228.4,166.6,56.4,167.3,25.3,1.3709483793517407,0.00819455098237741,0.24693520140105077,0.06247460595446585,3.1954897494305237,2.8058769931662866,1.0994533029612756,2.5579498861047836,1.1202733485193619,3.1954897494305237,soaring
Buceros_bicornis,509.4,385.8,133.7,421.4,25.7,1.3203732503888024,0.003133301495939256,0.262465645857872,0.06745367098547311,3.192892938496583,2.9309339407744877,1.1602277904328018,2.5435990888382687,1.0214123006833715,3.192892938496583,soaring
Strix_woodfordii,256.5,184.5,72.6,150.0,28.2,1.3902439024390243,0.009268292682926829,0.2830409356725146,0.0798175438596491,3.188382687927107,3.1513211845102505,0.8579954441913439,2.7942596810933944,1.218610478359909,3.188382687927107,soaring
Nisaetus_nanus,312.7,234.6,79.8,240.8,25.4,1.3329070758738277,0.005535328388180348,0.25519667412855773,0.06481995522865365,3.185558086560364,2.86874715261959,1.1596355353075172,2.5309794988610474,1.0696127562642368,3.185558086560364,soaring
Batrachostomus_harterti,242.0,175.7,66.3,158.0,27.4,1.377347751849744,0.00871739083449205,0.27396694214876033,0.07506694214876033,3.183143507972665,3.0734396355353075,0.9326195899772207,2.7274715261959,1.2132118451025058,3.183143507972665,soaring
Chondrohierax_wilsonii,244.0,180.5,63.5,185.0,26.0,1.3518005540166205,0.0073070300217114624,0.26024590163934425,0.0676639344262295,3.181731207289294,2.9313211845102503,1.0725512528473802,2.6031890660592256,1.1636674259681095,3.181731207289294,soaring
Ciccaba_huhula,249.5,179.8,69.7,148.5,28.0,1.3876529477196884,0.009344464294408676,0.27935871743486973,0.07822044088176353,3.180501138952164,3.1292938496583145,0.8729840546697039,2.780592255125285,1.2244191343963555,3.180501138952164,soaring
Onychognathus_neumanni,162.7,120.1,41.8,178.8,25.8,1.3547044129891757,0.007576646605084874,0.2569145666871543,0.0662839582052858,3.180182232346241,2.898473804100228,1.084487471526196,2.588428246013667,1.3675398633257403,3.180182232346241,soaring
Dryocopus_martius,237.8,175.2,63.0,175.8,26.4,1.3573059360730595,0.007720739113043569,0.264928511354079,0.06994112699747686,3.1796810933940773,2.9776082004555806,1.0352847380410026,2.6384054669703874,1.189498861047836,3.1796810933940773,soaring
Pulsatrix_koeniswaldiana,316.0,234.7,81.3,192.0,25.6,1.3463996591393268,0.007012498224683994,0.2572784810126582,0.06586329113924051,3.177129840546697,2.8907289293849656,1.115466970387244,2.5668792710706154,1.058883826879271,3.177129840546697,soaring
Ducula_cineracea,214.8,155.2,59.6,149.8,27.8,1.3840206185567012,0.009239122954317096,0.2774674115456238,0.07713594040968343,3.1769476082004555,3.113120728929385,0.8920273348519363,2.765740318906605,1.2810478359908881,3.1769476082004555,soaring
Dicrurus_macrocercus,141.0,101.2,39.2,145.6,27.8,1.3932806324110671,0.009569235112713374,0.27801418439716313,0.07728794326241135,3.175580865603645,3.115854214123007,0.8774487471526197,2.7757630979498864,1.5583143507972665,3.175580865603645,soaring
Ocyceros_birostris,212.3,160.5,43.8,258.3,21.4,1.322741433021807,0.005120950185914855,0.20631182289213376,0.044150730098916624,3.1734396355353076,2.2415034168564922,1.5565375854214123,2.1335307517084283,0.9302050113895215,3.1734396355353076,soaring
Psarocolius_decumanus,198.6,146.2,49.1,170.3,24.8,1.3584131326949385,0.007976589152642034,0.2472306143001007,0.06131319234642498,3.1731662870159454,2.7841685649202734,1.1565603644646925,2.514624145785877,1.17123006833713,3.1731662870159454,soaring
Psarocolius_yuracares,238.6,175.9,54.1,169.6,23.3,1.3564525298465036,0.007997951237302499,0.22673931265716682,0.05283025984911987,3.169612756264237,2.549407744874715,1.293006833712984,2.3712072892938494,0.9845785876993164,3.169612756264237,soaring
Galbula_dea,91.2,66.5,23.8,156.6,26.2,1.3714285714285714,0.00875752599890531,0.26096491228070173,0.06837280701754385,3.1694760820045556,2.9443507972665146,1.0238496583143508,2.6400455580865603,1.9694533029612757,3.1694760820045556,soaring
Nisaetus_alboniger,325.2,245.2,82.0,239.5,25.1,1.3262642740619903,0.005537637887523968,0.2521525215252153,0.06329028290282904,3.1665603644646922,2.8295899772209565,1.1998405466970388,2.4960820045558085,1.0466742596810936,3.1665603644646922,soaring
Phoeniculus_somaliensis,145.0,108.8,35.2,212.4,24.5,1.3327205882352942,0.006274579040655811,0.2427586206896552,0.059475862068965525,3.163234624145786,2.7351936218678814,1.2379726651480638,2.4505694760820047,1.4069020501138954,3.163234624145786,soaring
Ninox_rudolfi,233.0,167.5,65.5,141.5,28.1,1.391044776119403,0.009830705131585887,0.2811158798283262,0.07899356223175967,3.1585421412300687,3.140660592255125,0.8625740318906605,2.7892938496583146,1.2520501138952165,3.1585421412300687,soaring
Guira_guira,173.6,130.5,43.2,213.8,24.9,1.3302681992337164,0.006222021511850872,0.24884792626728114,0.061963133640552996,3.1579043280182235,2.7967881548974947,1.2079043280182233,2.4837813211845106,1.2957858769931663,3.1579043280182235,soaring
Ducula_cuprea,227.9,167.0,60.9,156.5,26.7,1.3646706586826347,0.008719940311071149,0.26722246599385696,0.07134839842035981,3.1560820045558087,3.009840546697039,0.9968109339407745,2.6721640091116172,1.2155808656036449,3.1560820045558087,soaring
Talegalla_cuvieri,275.0,200.5,74.5,151.5,27.1,1.371571072319202,0.009053274404747208,0.27090909090909093,0.07341636363636365,3.1555808656036444,3.0462186788154897,0.9597949886104782,2.7048747152619588,1.1588382687927108,3.1555808656036444,soaring
Psarocolius_montezuma,220.0,162.7,51.6,167.3,23.9,1.352181929932391,0.008082378541138021,0.23454545454545456,0.05605636363636363,3.1543052391799544,2.6415489749430523,1.2483826879271072,2.4246469248291573,1.0637357630979496,3.1543052391799544,soaring
Bubo_shelleyi,430.8,325.1,105.6,228.8,24.5,1.3251307290064596,0.005791655284119141,0.24512534818941503,0.06005571030640668,3.1538496583143503,2.754236902050114,1.2506378132118452,2.4450113895216403,0.9494077448747154,3.1538496583143503,soaring
Strix_chacoensis,273.5,200.8,72.7,157.7,26.6,1.3620517928286853,0.00863698029694791,0.2658135283363803,0.07070639853747716,3.1528018223234624,2.9942824601366747,1.0099999999999998,2.6578132118451028,1.142756264236902,3.1528018223234624,soaring
Crotophaga_ani,144.0,107.3,35.5,180.6,24.8,1.3420316868592732,0.007430961721258435,0.2465277777777778,0.06113888888888889,3.151298405466971,2.7793394077448745,1.1900911161731207,2.49120728929385,1.4171526195899773,3.151298405466971,soaring
Caracara_plancus,378.7,284.6,92.3,205.3,24.4,1.330639494026704,0.00648143932794303,0.2437285450224452,0.05946976498547663,3.149612756264237,2.738382687927107,1.2470842824601367,2.443416856492027,0.958109339407745,3.149612756264237,soaring
Accipiter_tachiro,217.4,161.8,55.6,175.0,25.7,1.3436341161928307,0.007677909235387603,0.25574977000919963,0.0657276908923643,3.1474259681093395,2.8864692482915717,1.1151252847380408,2.5663781321184516,1.2028246013667427,3.1474259681093395,soaring
Jubula_lettii,265.0,195.1,69.9,158.1,26.4,1.3582778062532035,0.008591257471557265,0.2637735849056604,0.06963622641509434,3.1438268792710704,2.96626423690205,1.0352847380410024,2.6363553530751704,1.1451252847380409,3.1438268792710704,soaring
Henicophaps_albifrons,192.6,139.0,52.8,139.4,27.5,1.385611510791367,0.00993982432418484,0.27414330218068533,0.07538940809968847,3.1424601366742597,3.078633257403189,0.9092482915717538,2.7455580865603646,1.3186788154897493,3.1424601366742597,soaring
Macroagelaius_subalaris,125.0,90.4,29.6,139.8,24.6,1.3827433628318584,0.009890868117538327,0.2368,0.0582528,3.141548974943052,2.6953302961275627,1.14125284738041,2.5110706150341686,1.4934168564920274,3.141548974943052,soaring
Aegotheles_crinifrons,164.6,119.5,45.0,144.1,27.4,1.3774058577405857,0.00955868048397353,0.2733900364520049,0.07490886998784933,3.140182232346242,3.070569476082005,0.9330296127562641,2.7274259681093396,1.4246013667425972,3.140182232346242,soaring
Accipiter_trinotatus,162.9,115.0,43.0,128.8,27.2,1.4165217391304348,0.010997839589522008,0.2639656230816452,0.07179864947820748,3.1399999999999997,3.0020045558086563,0.8955808656036445,2.7450113895216397,1.3848291571753988,3.1399999999999997,soaring
Ducula_oceanica,214.8,156.8,58.0,145.2,27.0,1.3698979591836735,0.009434558947545961,0.27001862197392923,0.07290502793296089,3.1330751708428246,3.03628701594533,0.9697722095671983,2.6958542141230066,1.2527790432801824,3.1330751708428246,soaring
Dicrurus_waldenii,143.9,108.2,35.7,192.2,24.8,1.3299445471349354,0.006919586613605282,0.2480889506601807,0.06152605976372481,3.13243735763098,2.7888154897494304,1.2156036446469247,2.476628701594533,1.4358314350797268,3.13243735763098,soaring
Hierococcyx_pectoralis,171.2,124.2,47.0,140.2,27.4,1.3784219001610305,0.009831825250791943,0.27453271028037385,0.07522196261682243,3.1281548974943054,3.077129840546697,0.9300683371298404,2.7306150341685655,1.3944419134396357,3.1281548974943054,soaring
Psarocolius_oleagineus,209.9,157.3,52.3,179.2,24.8,1.3343928798474252,0.007446388838434293,0.24916626965221533,0.06179323487374941,3.125102505694761,2.797289293849658,1.2045330296127563,2.484464692482916,1.1771981776765377,3.125102505694761,soaring
Psarocolius_angustifrons,209.9,157.3,52.3,179.2,24.8,1.3343928798474252,0.007446388838434293,0.24916626965221533,0.06179323487374941,3.125102505694761,2.797289293849658,1.2045330296127563,2.484464692482916,1.1771981776765377,3.125102505694761,soaring
Coccyzus_melacoryphus,116.3,84.3,32.0,139.2,27.5,1.379596678529063,0.009910895679088096,0.2751504729148753,0.07566638005159071,3.1249202733485193,3.085421412300683,0.9222323462414577,2.7380410022779045,1.7436446469248295,3.1249202733485193,soaring
Coracina_welchmani,185.1,136.2,48.9,148.1,26.4,1.3590308370044053,0.009176440492939942,0.26418152350081037,0.06974392220421394,3.121093394077449,2.970227790432802,1.0322779043280184,2.6399544419134395,1.3104100227790432,3.121093394077449,soaring
Coracias_naevius,181.8,132.0,50.0,138.8,27.5,1.3772727272727274,0.009922714173434634,0.275027502750275,0.07563256325632561,3.119726651480638,3.0846924829157176,0.9257858769931662,2.7356719817767656,1.3654214123006838,3.119726651480638,soaring
Coracina_personata,164.7,118.4,44.5,132.0,27.3,1.3910472972972971,0.0105382371007371,0.27018822100789314,0.07376138433515483,3.1172665148063783,3.05004555808656,0.9165148063781321,2.734897494305239,1.4031662870159454,3.1172665148063783,soaring
Talegalla_jobiensis,286.2,215.3,70.9,181.2,24.8,1.329307942405945,0.0073361365474941785,0.24772886093640814,0.06143675751222922,3.116993166287016,2.786583143507973,1.2172437357630979,2.475307517084283,1.0586104783599088,3.116993166287016,soaring
Anthochaera_carunculata,154.5,115.2,39.9,163.2,25.6,1.3411458333333333,0.00821780535130719,0.258252427184466,0.0661126213592233,3.1136674259681096,2.8970615034168565,1.1246697038724374,2.5608200455580867,1.4113211845102502,3.1136674259681096,soaring
Corvus_florensis,226.0,168.4,57.6,160.0,25.5,1.342042755344418,0.008387767220902613,0.25486725663716814,0.06499115044247787,3.1090205011389527,2.8706833712984055,1.13250569476082,2.5507061503416857,1.1741913439635536,3.1090205011389527,soaring
Accipiter_griseiceps,187.2,137.3,50.0,141.2,26.8,1.3634377276037872,0.009656074558100478,0.2670940170940171,0.07158119658119659,3.107015945330296,3.011822323462414,0.9938268792710709,2.6750797266514805,1.3222551252847379,3.107015945330296,soaring
Quiscalus_mexicanus,168.6,126.4,46.0,170.1,26.8,1.3338607594936709,0.007841627039939276,0.27283511269276395,0.07311981020166075,3.1068792710706155,3.0456719817767652,1.0502733485193625,2.6426879271070614,1.4322323462414575,3.1068792710706155,soaring
Ramphiculus_fischeri,169.0,122.6,46.4,135.0,27.5,1.3784665579119086,0.010210863391940064,0.27455621301775146,0.07550295857988165,3.1068337129840544,3.081366742596811,0.9240546697038725,2.7359908883826876,1.409886104783599,3.1068337129840544,soaring
Buteogallus_schistaceus,272.0,204.5,70.0,173.2,25.5,1.3300733496332517,0.007679407330446028,0.25735294117647056,0.06562499999999999,3.1049658314350794,2.887129840546697,1.1564692482915717,2.5379954441913437,1.1200683371298406,3.1049658314350794,soaring
Bycanistes_sharpii,251.2,189.6,61.6,181.5,24.5,1.3248945147679325,0.0072996942962420515,0.24522292993630576,0.06007961783439491,3.1040546697038724,2.75501138952164,1.2507744874715263,2.445148063781321,1.090273348519362,3.1040546697038724,soaring
Hierococcyx_vagans,147.2,106.7,39.3,133.4,27.0,1.3795688847235237,0.010341595837507675,0.2669836956521739,0.07208559782608695,3.100318906605922,3.0186560364464694,0.9580637813211844,2.7005466970387237,1.4898633257403193,3.100318906605922,soaring
Bostrychia_olivacea,347.0,255.9,91.1,143.5,26.3,1.3559984368894098,0.009449466459159651,0.26253602305475504,0.06904697406340059,3.096628701594533,2.957015945330296,1.0467653758542144,2.6277904328018225,1.0671753986332573,3.096628701594533,soaring
Coracina_caledonica,185.5,137.2,48.3,145.3,26.1,1.3520408163265307,0.00930516735255699,0.26037735849056604,0.06795849056603774,3.0957175398633257,2.937266514806378,1.065466970387244,2.609886104783599,1.3037813211845104,3.0957175398633257,soaring
Ducula_mullerii,233.0,170.8,63.4,138.2,27.1,1.3641686182669788,0.009870974082973797,0.2721030042918455,0.07373991416309013,3.095079726651481,3.053143507972665,0.9704100227790431,2.6984054669703874,1.228268792710706,3.095079726651481,soaring
Ducula_lacernulata,208.0,154.3,53.7,148.5,25.8,1.3480233311730394,0.009077598189717437,0.25817307692307695,0.06660865384615385,3.093895216400911,2.905763097949886,1.0976537585421413,2.580865603644647,1.2290432801822324,3.093895216400911,soaring
Ducula_bakeri,205.7,151.4,54.3,140.7,26.4,1.3586525759577277,0.009656379360040709,0.2639766650461838,0.0696898395721925,3.093302961275626,2.9681321184510248,1.033599088838269,2.6383143507972666,1.2565603644646925,3.093302961275626,soaring
Bubo_sumatranus,331.8,249.2,84.8,165.6,25.4,1.3314606741573034,0.008040221462302558,0.25557564798071125,0.06491621458710066,3.092300683371299,2.8712528473804104,1.161981776765376,2.5297949886104787,1.0573576309794988,3.092300683371299,soaring
Nucifraga_multipunctata,205.9,153.3,52.6,150.6,25.5,1.3431180691454663,0.008918446674272686,0.2554638173870811,0.06514327343370568,3.0903416856492028,2.875148063781321,1.129498861047836,2.5531662870159453,1.2212984054669702,3.0903416856492028,soaring
Lanius_giganteus,120.0,88.6,31.0,142.2,25.9,1.3544018058690745,0.00952462592031698,0.25833333333333336,0.06690833333333333,3.089521640091116,2.9118223234624145,1.0761958997722096,2.597403189066059,1.649134396355353,3.089521640091116,soaring
Lanius_sphenocercus,120.0,88.6,31.0,142.2,25.9,1.3544018058690745,0.00952462592031698,0.25833333333333336,0.06690833333333333,3.089521640091116,2.9118223234624145,1.0761958997722096,2.597403189066059,1.649134396355353,3.089521640091116,soaring
Mulleripicus_pulverulentus,238.6,180.1,58.7,171.4,24.5,1.3248195446973903,0.007729402244442184,0.24601844090528083,0.0602745180217938,3.0872892938496586,2.7618451025056947,1.2498177676537587,2.447152619589977,1.111138952164009,3.0872892938496586,soaring
Enicurus_maculatus,102.5,76.0,25.9,145.2,25.4,1.3486842105263157,0.00928845875018124,0.2526829268292683,0.06418146341463414,3.086879271070615,2.849339407744875,1.1291571753986331,2.549020501138952,1.793621867881549,3.086879271070615,soaring
Enicurus_schistaceus,90.0,63.9,24.4,121.0,27.6,1.4084507042253522,0.011640088464672332,0.2711111111111111,0.07482666666666665,3.0813667425968108,3.066469248291572,0.8756264236902053,2.7652847380410024,2.0315717539863325,3.0813667425968108,soaring
Ramphiculus_meridionalis,166.2,121.3,44.9,132.7,27.0,1.370156636438582,0.010325219566228953,0.27015643802647415,0.07294223826714802,3.0810478359908884,3.0378359908883827,0.9688154897494303,2.696947608200455,1.4023006833712983,3.0810478359908884,soaring
Ithaginis_cruentus,195.7,145.0,48.7,142.5,25.1,1.349655172413793,0.009471264367816092,0.24885028104241189,0.062461420541645385,3.0792710706150346,2.805899772209567,1.1538268792710704,2.52250569476082,1.2106833712984058,3.0792710706150346,soaring
Tigrisoma_fasciatum,310.6,221.9,83.8,122.8,27.4,1.3997296079315007,0.01139844957598942,0.2698003863490019,0.07392530585962652,3.078587699316629,3.049886104783599,0.90127562642369,2.7460136674259683,1.107972665148064,3.078587699316629,soaring
Lamprotornis_unicolor,123.2,92.8,30.8,162.7,25.0,1.3275862068965518,0.008159718542695463,0.25,0.0625,3.076605922551253,2.8106833712984054,1.2065831435079728,2.4871753986332577,1.6038268792710706,3.076605922551253,soaring
Ducula_chalconota,211.8,157.5,55.5,144.8,26.0,1.3447619047619048,0.00928702972901868,0.2620396600566572,0.06813031161473088,3.0759453302961273,2.9433485193621873,1.0842141230068334,2.5984510250569475,1.2374715261959,3.0759453302961273,soaring
Amazona_brasiliensis,212.3,150.2,50.3,118.2,25.0,1.4134487350199736,0.011958111125380486,0.23692887423457368,0.05923221855864342,3.0753075170842825,2.7133029612756263,1.0716628701594535,2.5634168564920277,1.0900227790432802,3.0753075170842825,soaring
Caliechthrus_leucolophus,174.0,131.2,42.8,162.8,24.5,1.3262195121951221,0.008146311499970036,0.24597701149425286,0.06026436781609194,3.07248291571754,2.7615261958997723,1.2467198177676537,2.4488382687927106,1.2736902050113896,3.07248291571754,soaring
Cacicus_latirostris,188.0,119.7,49.3,109.4,29.1,1.5705931495405179,0.014356427326695776,0.2622340425531915,0.07631010638297873,3.0681548974943054,3.0561731207289293,0.6760820045558086,2.915717539863326,1.2901594533029612,3.0681548974943054,soaring
Lamprotornis_australis,176.4,132.3,46.7,153.5,26.1,1.3333333333333333,0.008686210640608033,0.26473922902494335,0.06909693877551022,3.0674715261959,2.9660592255125287,1.1010250569476083,2.590432801822323,1.36250569476082,3.0674715261959,soaring
Jacamerops_aureus,114.6,83.9,29.8,130.8,26.3,1.3659117997616208,0.010442750762703523,0.2600349040139616,0.06838917975567191,3.0670615034168565,2.9404783599088837,1.029589977220957,2.6379498861047836,1.7057175398633255,3.0670615034168565,soaring
Dacelo_leachii,196.1,141.8,53.1,125.1,27.3,1.3829337094499294,0.01105462597481958,0.2707802141764406,0.07392299847016828,3.0670159453302963,3.052733485193622,0.9300911161731207,2.7259225512528475,1.304031890660592,3.0670159453302963,soaring
Siphonorhis_americana,135.0,99.0,36.0,132.0,26.7,1.3636363636363635,0.010330578512396695,0.26666666666666666,0.0712,3.066674259681094,3.0054441913439636,0.9992255125284739,2.669225512528474,1.5731207289293847,3.066674259681094,soaring
Campephilus_magellanicus,218.4,164.8,52.5,160.8,24.1,1.3252427184466018,0.008241559194319664,0.2403846153846154,0.05793269230769231,3.065876993166287,2.700455580865604,1.2820273348519362,2.412346241457859,1.1229157175398634,3.065876993166287,soaring
Zenaida_graysoni,147.0,108.2,38.8,134.0,26.4,1.3585951940850276,0.010138770105112146,0.2639455782312925,0.06968163265306121,3.065239179954442,2.9675854214123003,1.033826879271071,2.637858769931663,1.4790660592255125,3.065239179954442,soaring
Podica_senegalensis,186.2,134.8,50.0,125.0,27.2,1.3813056379821957,0.011050445103857566,0.26852846401718583,0.07303974221267455,3.063553530751708,3.0359908883826883,0.9408200455580863,2.717129840546697,1.3287015945330298,3.063553530751708,soaring
Melidectes_foersteri,155.5,114.4,41.1,132.8,26.4,1.3592657342657342,0.010235434745976914,0.26430868167202576,0.06977749196141479,3.061822323462415,2.9721867881548976,1.031366742596811,2.6406378132118453,1.4305011389521636,3.061822323462415,soaring
Cacicus_oseryi,187.2,137.1,51.2,130.3,26.9,1.3654266958424508,0.010479099737854571,0.27350427350427353,0.07357264957264958,3.0600911161731204,3.053895216400911,0.9781776765375854,2.693257403189066,1.3250113895216402,3.0600911161731204,soaring
Dicrurus_andamanensis,130.0,98.2,31.8,158.2,24.4,1.3238289205702647,0.008368071558598388,0.24461538461538462,0.05968615384615385,3.053895216400911,2.74626423690205,1.2608200455580867,2.437220956719818,1.5102277904328019,3.053895216400911,soaring
Dicrurus_forficatus,126.0,92.8,33.6,131.5,26.6,1.3577586206896552,0.010325160613609547,0.26666666666666666,0.07093333333333333,3.0491116173120725,3.000569476082005,1.0187015945330296,2.653075170842825,1.640979498861048,3.0491116173120725,soaring
Haematoderus_militaris,212.0,157.8,51.5,137.6,24.5,1.3434727503168566,0.009763610104046923,0.2429245283018868,0.05951650943396227,3.0479271070615037,2.7369703872437356,1.2125056947608202,2.4679271070615036,1.1371981776765376,3.0479271070615037,soaring
Buteogallus_aequinoctialis,316.2,237.5,78.8,147.2,24.9,1.3313684210526315,0.009044622425629291,0.24920936116382036,0.06205313092979127,3.0475626423690203,2.802164009111617,1.204851936218679,2.4859681093394075,1.0339179954441913,3.0475626423690203,soaring
Henicophaps_foersteri,203.0,150.7,52.3,135.0,25.8,1.3470471134704713,0.009978126766447935,0.2576354679802956,0.06646995073891626,3.0428701594533027,2.901845102505695,1.099840546697039,2.5780410022779043,1.2431662870159452,3.0428701594533027,soaring
Melipotes_ater,155.2,116.8,32.5,144.8,21.7,1.3287671232876712,0.009176568530992205,0.20940721649484537,0.04544136597938144,3.0427334851936214,2.294259681093394,1.5090432801822324,2.177904328018223,1.1425968109339406,3.0427334851936214,soaring
Leucopternis_kuhli,207.6,156.6,54.5,148.6,25.8,1.3256704980842913,0.008921066608911786,0.26252408477842004,0.06773121387283237,3.035444191343963,2.935968109339407,1.1407517084282461,2.5585876993166283,1.2626651480637814,3.035444191343963,soaring
Batrachostomus_stellatus,118.4,85.6,30.1,118.8,26.1,1.383177570093458,0.011642908839170523,0.25422297297297297,0.06635219594594595,3.0342141230068336,2.893166287015945,1.016993166287016,2.634305239179954,1.642095671981777,3.0342141230068336,soaring
Coccyzus_lansbergi,114.8,85.8,29.0,137.2,25.2,1.337995337995338,0.009752152609295468,0.25261324041811845,0.06365853658536585,3.0320728929384964,2.838997722095672,1.1637813211845103,2.5234624145785878,1.6728018223234624,3.0320728929384964,soaring
Ninox_spilonotus,189.4,119.0,44.8,106.2,27.2,1.5915966386554623,0.014986785674721866,0.23653643083421327,0.06433790918690602,3.0298405466970384,2.8065603644646924,0.7866970387243735,2.7855580865603646,1.1897494305239178,3.0298405466970384,soaring
Turdus_nigrescens,139.9,102.6,34.3,123.6,25.0,1.3635477582846005,0.011031939791946607,0.2451751250893495,0.06129378127233737,3.027744874715262,2.777266514806378,1.1362642369020501,2.5291571753986335,1.427152619589977,3.027744874715262,soaring
Ducula_zoeae,219.8,162.3,56.9,127.8,26.0,1.3542821934688847,0.010596887272839474,0.2588717015468608,0.0673066424021838,3.0271070615034166,2.9202050113895215,1.06872437357631,2.604829157175399,1.2039407744874717,3.0271070615034166,soaring
Coracina_longicauda,176.6,133.3,43.3,144.2,24.6,1.3248312078019504,0.009187456364784677,0.24518686296715742,0.060315968289920724,3.0230523917995447,2.760068337129841,1.2434396355353075,2.451981776765376,1.2741913439635533,3.0230523917995447,soaring
Cassiculus_melanicterus,145.8,108.7,35.4,131.8,24.6,1.3413063477460903,0.010176831166510547,0.242798353909465,0.05972839506172839,3.0192710706150345,2.7414350797266516,1.2096810933940776,2.4724373576309793,1.3950113895216398,3.0192710706150345,soaring
Coracias_temminckii,183.0,137.0,44.5,134.5,24.5,1.3357664233576643,0.00993134887254769,0.24316939890710382,0.05957650273224044,3.014077448747152,2.7389293849658314,1.2295444191343963,2.4578587699316627,1.2284054669703872,3.014077448747152,soaring
Turdus_maximus,151.7,112.2,39.6,126.5,26.0,1.35204991087344,0.010688141587932333,0.26104152933421226,0.06787079762689519,3.0134396355353075,2.9380637813211847,1.070637813211845,2.6053758542141234,1.439840546697039,3.0134396355353075,soaring
Onychognathus_morio,153.9,116.0,37.9,140.3,24.6,1.3267241379310346,0.009456337405067957,0.24626380766731643,0.060580896686159846,3.0131662870159452,2.7691343963553527,1.237699316628702,2.4574031890660595,1.3709567198177677,3.0131662870159452,soaring
Nyctyornis_athertoni,135.0,101.0,34.0,132.7,25.2,1.3366336633663367,0.010072597312481814,0.2518518518518518,0.06346666666666666,3.009749430523918,2.833621867881549,1.168109339407745,2.5179954441913437,1.5164464692482915,3.009749430523918,soaring
Coracina_temminckii,152.9,114.7,38.2,135.0,25.0,1.3330427201394943,0.00987439051955181,0.249836494440811,0.06245912361020275,3.0074715261958995,2.809658314350797,1.1951252847380411,2.4939407744874718,1.391799544419134,3.0074715261958995,soaring
Accipiter_butleri,166.0,123.1,42.9,127.0,25.8,1.3484971567831032,0.010618087848685853,0.258433734939759,0.06667590361445783,3.0067425968109336,2.907357630979499,1.096970387243736,2.5820045558086564,1.3597949886104785,3.0067425968109336,soaring
Accipiter_castanilius,163.5,123.1,38.9,135.4,24.0,1.3281884646628759,0.009809368276682981,0.2379204892966361,0.05710091743119266,3.0001366742596813,2.6764009111617315,1.2865148063781322,2.40624145785877,1.2819134396355354,3.0001366742596813,soaring
Ramphiculus_epius,168.4,126.0,42.4,130.6,25.2,1.3365079365079366,0.010233598288728458,0.2517814726840855,0.06344893111638955,2.999225512528474,2.833120728929385,1.168610478359909,2.5175854214123006,1.3290205011389522,2.999225512528474,soaring
Talegalla_fuscirostris,257.2,193.4,65.1,133.6,25.2,1.3298862461220269,0.009954238369176848,0.25311041990668737,0.06378382581648522,2.9937129840546697,2.843644646924829,1.1816856492027334,2.512892938496583,1.12127562642369,2.9937129840546697,soaring
Ramphiculus_mangoliensis,158.6,117.6,41.0,123.9,25.8,1.348639455782313,0.0108849027908177,0.25851197982345525,0.06669609079445146,2.9917995444191345,2.9076309794988613,1.0967881548974943,2.582277904328018,1.3959681093394078,2.9917995444191345,soaring
Onychognathus_fulgidus,122.1,89.7,31.0,118.2,25.6,1.3612040133779264,0.011516108404212574,0.2538902538902539,0.064995904995905,2.9893394077448745,2.8662186788154895,1.089726651480638,2.580546697038724,1.6033940774487472,2.9893394077448745,soaring
Batrachostomus_hodgsoni,132.8,99.5,33.2,129.2,25.0,1.334673366834171,0.010330289216982747,0.25,0.0625,2.9856719817767656,2.8106833712984054,1.1907289293849659,2.497744874715262,1.5182687927107064,2.9856719817767656,soaring
Ptilinopus_huttoni,161.7,119.8,41.9,121.2,25.9,1.3497495826377295,0.011136547711532422,0.259121830550402,0.06711255411255411,2.979726651480638,2.9172437357630985,1.0858086560364466,2.591981776765376,1.386400911161731,2.979726651480638,soaring
Turtur_brehmeri,126.4,89.7,30.3,107.2,25.2,1.4091415830546266,0.013144977453867786,0.23971518987341772,0.060408227848101265,2.9768109339407745,2.746924829157175,1.0575626423690205,2.5797722095671984,1.4929840546697037,2.9768109339407745,soaring
Ardea_brachyrhyncha,305.4,226.7,78.7,120.8,25.9,1.3471548301720335,0.011151943958377762,0.25769482645710545,0.0667429600523903,2.973257403189066,2.9079498861047837,1.0921412300683373,2.58624145785877,1.0877220956719817,2.973257403189066,soaring
Quiscalus_quiscula,132.9,98.2,34.3,118.2,25.9,1.3533604887983708,0.011449750328243408,0.2580887885628292,0.06684499623777276,2.9707517084282458,2.910637813211845,1.0787927107061503,2.595216400911162,1.5523234624145785,2.9707517084282458,soaring
Macroagelaius_imthurni,123.8,92.1,31.9,121.0,25.7,1.3441910966340935,0.011109017327554493,0.2576736672051696,0.06622213247172859,2.9661958997722095,2.897858769931663,1.1124829157175398,2.5692027334851937,1.6226879271070618,2.9661958997722095,soaring
Lamprotornis_splendidus,155.8,115.7,38.9,119.7,25.2,1.3465859982713917,0.011249674171022486,0.24967907573812578,0.06291912708600769,2.9651025056947606,2.8194077448747152,1.1496127562642369,2.527289293849658,1.3715717539863328,2.9651025056947606,soaring
Zavattariornis_stresemanni,140.8,105.1,35.6,121.8,25.3,1.339676498572788,0.010998986030975271,0.25284090909090906,0.06396874999999999,2.9621867881548973,2.8466514806378127,1.1527107061503419,2.531936218678815,1.4775398633257402,2.9621867881548973,soaring
Ninox_natalis,189.8,139.9,49.8,115.5,26.3,1.3566833452466047,0.011746176149321254,0.26238145416227604,0.0690063224446786,2.96004555808656,2.955740318906606,1.0453530751708429,2.628428246013667,1.295148063781321,2.96004555808656,soaring
Cracticus_louisiadensis,165.9,124.6,41.3,125.6,24.9,1.3314606741573034,0.010600801545838404,0.24894514767932488,0.06198734177215189,2.9595444191343963,2.798519362186788,1.2053302961275627,2.485649202733485,1.324624145785877,2.9595444191343963,soaring
Dicrurus_modestus,128.1,95.7,32.3,121.2,25.1,1.3385579937304075,0.011044207869062768,0.25214676034348166,0.0632888368462139,2.955535307517085,2.8293166287015947,1.1717312072892938,2.5146697038724373,1.5525512528473806,2.955535307517085,soaring
Megaceryle_torquata,191.3,143.0,46.5,120.2,24.5,1.3377622377622378,0.011129469532131762,0.2430737062205959,0.059553058024046,2.9480637813211845,2.7380637813211846,1.224897494305239,2.460273348519362,1.199339407744875,2.9480637813211845,soaring
Mimus_thenca,113.2,84.6,27.6,119.8,24.7,1.3380614657210403,0.011169127426719869,0.24381625441696114,0.0602226148409894,2.9477448747152617,2.754236902050114,1.2082232346241457,2.4745330296127563,1.6536446469248292,2.9477448747152617,soaring
Nucifraga_hemispila,208.0,154.9,53.1,116.0,25.5,1.3428018076178179,0.01157587765187774,0.2552884615384615,0.06509855769230768,2.9349430523917994,2.8734624145785874,1.130364464692483,2.552665148063781,1.2159225512528473,2.9349430523917994,soaring
Cracticus_cassicus,160.6,119.8,41.2,116.6,25.5,1.340567612687813,0.011497149336945223,0.25653798256537985,0.06541718555417186,2.931936218678816,2.882209567198178,1.1341002277904328,2.5513895216400915,1.3769248291571752,2.931936218678816,soaring
Edolisoma_anale,140.8,105.8,35.0,119.9,24.8,1.330812854442344,0.011099356584173012,0.24857954545454544,0.06164772727272728,2.927152619589977,2.7903644646924834,1.2135535307517085,2.478451025056948,1.4559681093394077,2.927152619589977,soaring
Dicrurus_adsimilis,128.7,95.6,33.3,113.7,25.8,1.3462343096234308,0.011840231395104933,0.25874125874125875,0.06675524475524476,2.9250113895216403,2.9100000000000006,1.1003416856492025,2.5808200455580868,1.5836674259681092,2.9250113895216403,soaring
Philemon_argenticeps,136.3,100.9,30.0,110.3,22.9,1.3508424182358771,0.01224698475281847,0.22010271460014671,0.0504035216434336,2.9183599088838266,2.4649658314350797,1.3483826879271068,2.3255580865603642,1.3217312072892937,2.9183599088838266,soaring
Manorina_melanocephala,136.1,102.9,33.9,121.3,24.8,1.322643343051506,0.01090390225104292,0.2490815576781778,0.0617722263041881,2.9141685649202733,2.7961503416856495,1.2317312072892936,2.466104783599089,1.5012528473804103,2.9141685649202733,soaring
Ninox_ochracea,188.5,128.1,43.9,100.0,22.9,1.4715066354410617,0.014715066354410616,0.23289124668435013,0.05333209549071618,2.913530751708428,2.5751708428246016,1.1649202733485193,2.4600911161731207,0.9647835990888384,2.913530751708428,soaring
Ninox_sumbaensis,188.5,128.1,43.9,100.0,22.9,1.4715066354410617,0.014715066354410616,0.23289124668435013,0.05333209549071618,2.913530751708428,2.5751708428246016,1.1649202733485193,2.4600911161731207,0.9647835990888384,2.913530751708428,soaring
Ninox_burhani,188.5,128.1,43.9,100.0,22.9,1.4715066354410617,0.014715066354410616,0.23289124668435013,0.05333209549071618,2.913530751708428,2.5751708428246016,1.1649202733485193,2.4600911161731207,0.9647835990888384,2.913530751708428,soaring
Ninox_ios,188.5,128.1,43.9,100.0,22.9,1.4715066354410617,0.014715066354410616,0.23289124668435013,0.05333209549071618,2.913530751708428,2.5751708428246016,1.1649202733485193,2.4600911161731207,0.9647835990888384,2.913530751708428,soaring
Otus_sagittatus,178.0,132.2,45.8,111.2,25.7,1.346444780635401,0.012108316372620512,0.2573033707865168,0.06612696629213483,2.9089749430523915,2.895763097949886,1.108382687927107,2.572391799544419,1.3112528473804104,2.9089749430523915,soaring
Dicrurus_bracteatus,150.0,113.6,34.4,120.2,23.2,1.3204225352112677,0.010985212439361628,0.22933333333333333,0.053205333333333334,2.9066970387243733,2.5615717539863323,1.3758314350797265,2.3200455580865604,1.3043052391799546,2.9066970387243733,soaring
Acanthagenys_rufogularis,111.1,82.8,25.0,111.4,23.2,1.3417874396135265,0.012044770553083721,0.22502250225022502,0.052205220522052204,2.904783599088838,2.5279498861047833,1.3336902050113895,2.3428246013667424,1.5632574031890665,2.904783599088838,soaring
Melidectes_leucostephes,128.4,96.3,32.0,114.9,25.0,1.3333333333333335,0.011604293588627792,0.24922118380062305,0.06230529595015576,2.9040546697038723,2.80628701594533,1.1944191343963555,2.4933485193621867,1.5506605922551255,2.9040546697038723,soaring
Alectoris_melanocephala,185.5,139.6,46.4,116.4,25.1,1.3287965616045845,0.011415778020657942,0.2501347708894879,0.06278382749326146,2.9016400911161733,2.8163325740318905,1.1960592255125282,2.495489749430524,1.2689977220956723,2.9016400911161733,soaring
Pseudoscops_grammicus,211.6,159.1,52.7,115.8,24.9,1.3299811439346323,0.011485156683373337,0.24905482041587904,0.06201465028355388,2.901321184510251,2.7999772209567193,1.2078587699316627,2.4839635535307516,1.1853530751708425,2.901321184510251,soaring
Enicurus_immaculatus,89.5,67.3,21.6,114.4,24.3,1.3298662704309065,0.011624705161109321,0.24134078212290505,0.05864581005586593,2.893895216400911,2.7156947608200457,1.2580637813211846,2.434806378132118,1.932004555808656,2.893895216400911,soaring
Campephilus_leucopogon,181.2,132.6,46.2,105.2,25.7,1.3665158371040724,0.012989694269050117,0.25496688741721857,0.06552649006622517,2.891480637813212,2.880637813211845,1.0713439635535307,2.5943507972665154,1.2736218678815492,2.891480637813212,soaring
Colaptes_cafer,166.6,125.7,40.9,116.3,24.5,1.3253778838504375,0.011396198485386392,0.2454981992797119,0.060147058823529415,2.8911161731207287,2.7574715261958995,1.249362186788155,2.4462414578587697,1.3046697038724373,2.8911161731207287,soaring
Agriornis_albicauda,141.3,106.0,35.2,113.1,24.9,1.3330188679245285,0.011786196887042693,0.24911535739561216,0.06202972399150743,2.8902961275626424,2.8009794988610475,1.2019362186788154,2.4880637813211846,1.4564236902050114,2.8902961275626424,soaring
Lamprotornis_ornatus,150.2,111.7,38.1,109.0,25.4,1.3446732318710832,0.012336451668542046,0.25366178428761654,0.0644300932090546,2.88628701594533,2.8552164009111616,1.1354441913439637,2.5450569476082006,1.4183143507972664,2.88628701594533,soaring
Dicrurus_remifer,132.7,99.3,33.8,111.3,25.4,1.3363544813695871,0.012006778808352084,0.25470987189148453,0.06469630746043706,2.885284738041002,2.865148063781321,1.1519362186788156,2.5351252847380406,1.5450569476082006,2.885284738041002,soaring
Hypocolius_ampelinus,99.6,74.4,25.3,110.0,25.4,1.3387096774193548,0.012170087976539587,0.2540160642570281,0.06452008032128513,2.8830068337129844,2.859088838268793,1.1467653758542142,2.5380410022779047,1.8401822323462413,2.8830068337129844,soaring
Nucifraga_caryocatactes,183.2,138.5,44.7,116.0,24.4,1.3227436823104692,0.011402962778538528,0.24399563318777295,0.0595349344978166,2.8824145785876993,2.7407972665148064,1.2651252847380412,2.4325284738041004,1.2402961275626425,2.8824145785876993,soaring
Colaptes_pitius,151.5,113.8,37.8,110.0,25.0,1.3312829525483305,0.012102572295893912,0.24950495049504948,0.06237623762376237,2.8651936218678813,2.8080637813211844,1.1988154897494308,2.4907972665148064,1.402369020501139,2.8651936218678813,soaring
Megascops_albogularis,196.2,147.8,48.5,111.0,24.6,1.3274695534506087,0.011959185166221699,0.24719673802242612,0.06081039755351683,2.861047835990888,2.7749202733485197,1.2354214123006835,2.4599088838268797,1.2093166287015946,2.861047835990888,soaring
Turdus_albocinctus,136.2,101.9,34.3,106.6,25.1,1.3366045142296368,0.01253850388583149,0.25183553597650515,0.0632107195301028,2.8460136674259684,2.8275854214123006,1.1768337129840547,2.5111161731207288,1.4976993166287018,2.8460136674259684,soaring
Colaptes_campestroides,165.8,125.6,38.4,110.5,23.4,1.3200636942675161,0.011946277776176616,0.23160434258142337,0.05419541616405307,2.842277904328019,2.591343963553531,1.3574487471526195,2.3409567198177674,1.2420956719817768,2.842277904328019,soaring
Chrysophlegma_mentale,142.8,107.0,35.8,106.5,25.0,1.3345794392523365,0.012531262340397526,0.25070028011204476,0.06267507002801119,2.839453302961276,2.81503416856492,1.1902050113895217,2.4985876993166287,1.4488382687927106,2.839453302961276,soaring
Melidectes_ochromelas,120.3,90.6,24.9,106.1,21.5,1.3278145695364238,0.012514746178477136,0.20698254364089774,0.04450124688279302,2.8286560364464695,2.2579954441913435,1.531753986332574,2.1515717539863326,1.365831435079727,2.8286560364464695,soaring
Petrophassa_albipennis,132.8,100.0,32.2,106.8,24.4,1.328,0.012434456928838952,0.24246987951807228,0.05916265060240963,2.827699316628701,2.7276309794988607,1.2555808656036447,2.4374487471526196,1.4889066059225513,2.827699316628701,soaring
Edolisoma_ostentum,133.8,100.9,33.0,106.7,24.6,1.3260654112983152,0.012427979487331913,0.24663677130044842,0.06067264573991031,2.821822323462415,2.7713211845102506,1.238974943052392,2.4577676537585424,1.5001594533029614,2.821822323462415,soaring
Coccycua_cinerea,109.8,82.8,26.9,106.0,24.6,1.3260869565217392,0.01251025430680886,0.24499089253187614,0.06026775956284154,2.817630979498861,2.7585649202733484,1.2409794988610479,2.453394077448747,1.6976993166287015,2.817630979498861,soaring
Colaptes_auratus,151.8,114.3,37.5,105.3,24.8,1.3280839895013126,0.012612383566014363,0.24703557312252963,0.06126482213438735,2.8152164009111615,2.782665148063781,1.2210706150341686,2.4713895216400914,1.3928246013667427,2.8152164009111615,soaring
Melanerpes_herminieri,136.4,102.5,33.8,102.6,24.7,1.3307317073170732,0.012970094613226835,0.2478005865102639,0.061206744868035186,2.792756264236902,2.782938496583143,1.2203872437357632,2.4714350797266516,1.4791571753986332,2.792756264236902,soaring
Batrachostomus_javensis,111.0,83.9,27.1,104.0,24.5,1.3230035756853396,0.01272118822774365,0.24414414414414415,0.05981531531531532,2.791298405466971,2.747767653758542,1.2572892938496585,2.4398177676537585,1.6831662870159452,2.791298405466971,soaring
Galbula_pastazae,88.2,66.6,21.7,103.2,24.5,1.3243243243243246,0.012832600041902368,0.24603174603174602,0.06027777777777778,2.7864236902050115,2.762118451025057,1.250728929384966,2.4466970387243734,1.9744646924829157,2.7864236902050115,soaring
Plectorhyncha_lanceolata,110.8,83.1,22.3,98.8,21.1,1.3333333333333335,0.01349527665317139,0.20126353790613719,0.04246660649819495,2.7682460136674263,2.164259681093394,1.5737129840546698,2.1061958997722097,1.4002961275626422,2.7682460136674263,soaring
Cinclosoma_castanotum,100.1,75.1,24.1,98.3,24.3,1.33288948069241,0.013559404686596239,0.2407592407592408,0.05850449550449551,2.7535990888382686,2.7120273348519364,1.2528018223234625,2.436378132118451,1.7689066059225511,2.7535990888382686,soaring
Geobiastes_squamiger,119.8,89.0,28.5,95.4,24.4,1.346067415730337,0.014109721338892421,0.2378964941569282,0.05804674457429048,2.749521640091116,2.694464692482916,1.2213895216400912,2.455990888382688,1.5619362186788155,2.749521640091116,soaring
Pycnopygius_cinereus,106.5,78.7,22.0,94.0,21.9,1.3532401524777635,0.014396171834869825,0.20657276995305165,0.04523943661971831,2.7484738041002283,2.274123006833713,1.44628701594533,2.2183599088838273,1.4898405466970388,2.7484738041002283,soaring
Actenoides_regalis,115.0,86.1,25.6,96.5,23.0,1.3356562137049943,0.013840997033212376,0.22260869565217392,0.0512,2.7420728929384968,2.4953302961275625,1.367266514806378,2.316104783599089,1.5203189066059226,2.7420728929384968,soaring
Eudyptes_pachyrhynchus,155.3,88.3,3.0,90.8,3.3,1.7587768969422426,0.01936978961390135,0.01931745009658725,0.0006374758531873792,2.7115717539863327,0.004988610478359909,2.695831435079726,0.8701594533029612,-0.4223462414578587,2.7115717539863327,soaring
Agelaius_humeralis,112.8,79.7,26.3,86.0,24.8,1.4153074027603512,0.01645706282279478,0.23315602836879434,0.057822695035461,2.6837357630979497,2.6740546697038727,1.0865831435079725,2.5464692482915714,1.577608200455581,2.6837357630979497,soaring
Tyrannus_melancholicus,108.8,81.6,25.5,91.9,23.7,1.3333333333333335,0.014508523757707652,0.234375,0.055546875,2.6702505694760816,2.631138952164009,1.303006833712984,2.386059225512528,1.6333257403189068,2.6702505694760816,soaring
Xiphorhynchus_atlanticus,88.8,61.9,15.1,77.3,19.6,1.4345718901453959,0.018558497932023233,0.17004504504504506,0.03332882882882884,2.5499544419134397,1.6803872437357632,1.6259908883826883,1.9782004555808659,1.4238724373576306,2.5499544419134397,soaring
Ptiloprora_perstriata,93.7,70.8,19.2,82.7,21.3,1.323446327683616,0.016002978569330303,0.20490928495197439,0.04364567769477055,2.505239179954442,2.2192710706150343,1.5684738041002277,2.1228246013667422,1.6376765375854216,2.505239179954442,soaring
Cincloramphus_mathewsi,86.2,64.2,17.8,78.4,21.4,1.3426791277258567,0.01712600928221756,0.20649651972157773,0.04419025522041763,2.458223234624146,2.243280182232346,1.5102961275626423,2.164738041002278,1.7491571753986332,2.458223234624146,soaring
